region_id,year,status
1,2014,0.9972846146547503
1,2015,0.9972846146547503
1,2016,0.9972846146547503
1,2017,0.9972846146547503
1,2018,0.9972846146547503
1,2019,0.9972846146547503
1,2020,0.9972846146547503
