region_id,year,status
1,2014,1
1,2015,1
1,2016,0
1,2017,1
1,2018,1
1,2019,0.16666666666666663
1,2020,0.16666666666666663
