region_id,year,trend
1,2001,0.5412689500280742
1,2010,0.6579579846893361
1,2016,0.507083656288288
