region_id,habitat,year,km2
1,rainforest,2005,1.1059964299999998
1,rainforest,2016,0.9837844106634301
1,rainforest,2019,0.9847106080999999
