region_id,habitat,zone,year,status
1,coral,Back Reef,2020,0.023809523809523808
1,coral,Fore Reef,2020,0.2564102564102564
1,coral,Lagoon,2020,0.06164383561643835
