region_id,habitat,year,zone,area_km,status
1,coral,2020,Back Reef,5.717059315999999,0.023809523809523808
1,coral,2020,Fore Reef East,9.867515130000001,0.021739130434782608
1,coral,2020,Fore Reef West,21.26695954,0.6461538461538462
1,coral,2020,Lagoon,10.464687290999999,0.06164383561643835
1,coral,2020,Reef Crest,2.4717762459999997,0.16666666666666666
