region_id,habitat,year,trend
1,rainforest,2001,0.5412689500280742
1,rainforest,2010,0.6579579846893361
1,rainforest,2016,0.507083656288288
