zone,n_ref,n_total,status
Back Reef,3,126,0.023809523809523808
Fore Reef,40,156,0.2564102564102564
Lagoon,9,146,0.06164383561643835
