year,region_id,status
2000,1,0.825
2001,1,0.825
2002,1,0.825
2003,1,0.825
2004,1,0.815
2005,1,0.815
2006,1,0.815
2007,1,0.815
2008,1,0.835
2009,1,0.825
2010,1,0.83333
2011,1,0.83333
2012,1,0.83333
2013,1,0.83333
2014,1,0.83333
2015,1,0.83333
2016,1,0.83333
2017,1,0.83333
2018,1,0.84762
2019,1,0.82727
2020,1,0.82727
