region_id,year,pressure_score
1,2014,0.0027153853452497323
1,2015,0.0027153853452497323
1,2016,0.0027153853452497323
1,2017,0.0027153853452497323
1,2018,0.0027153853452497323
1,2019,0.0027153853452497323
1,2020,0.0027153853452497323
