region_id,year,pressure_score
1,2014,0.7058823529411765
1,2015,0.7058823529411765
1,2016,0.7058823529411765
1,2017,0.7058823529411765
1,2018,0.6470588235294118
1,2019,0.6470588235294118
1,2020,0.6470588235294118
